{
  "baseline1_val": {
    "mae": 5.7343757529325465,
    "rmse": 26.82128044744605,
    "mape": 0.19070769499443013,
    "smape": 0.1415699801070345,
    "wape": 0.11724152645564626,
    "directional_acc": 0.449577861163227
  },
  "baseline1_test": {
    "mae": 5.894119400178382,
    "rmse": 29.089668287699098,
    "mape": 0.2532297752891929,
    "smape": 0.12973652746110875,
    "wape": 0.11084716739683863,
    "directional_acc": 0.4486898541874929
  },
  "baseline2_movavg_val": {
    "mae": 4.8583992669933656,
    "rmse": 23.120326384184473,
    "mape": 0.16260820860065495,
    "smape": 0.12404759989122323,
    "wape": 0.09933184896403062,
    "directional_acc": 0.48541041275797375
  },
  "baseline2_movavg_test": {
    "mae": 5.132023695247897,
    "rmse": 25.69798509242758,
    "mape": 0.24329526508136595,
    "smape": 0.11350430386046839,
    "wape": 0.09651489069163909,
    "directional_acc": 0.4905155390532282
  },
  "xgboost_raw_val": {
    "mae": 6.049288937544766,
    "rmse": 34.70391970158002,
    "mape": 0.4804334735724721,
    "smape": 0.24307404272851724,
    "wape": 0.12368004811095705,
    "directional_acc": 0.4328916510318949
  },
  "xgboost_raw_test": {
    "mae": 7.09370858356237,
    "rmse": 41.2081168196205,
    "mape": 0.49804098444452144,
    "smape": 0.2185954541966612,
    "wape": 0.1334071214781858,
    "directional_acc": 0.43640831441529726
  },
  "mlp_raw_val": {
    "mae": 3.795248030661756,
    "rmse": 17.699438157556028,
    "mape": 0.8870906176284722,
    "smape": 0.34324097161668954,
    "wape": 0.07759531142775529,
    "directional_acc": 0.43659474671669796
  },
  "mlp_raw_test": {
    "mae": 4.061256211770216,
    "rmse": 19.422309663852346,
    "mape": 0.8551230197886681,
    "smape": 0.30040981510063264,
    "wape": 0.07637760903417047,
    "directional_acc": 0.42099729648543105
  },
  "xgboost_log_val": {
    "mae": 6.183031167008555,
    "rmse": 36.224895891880664,
    "mape": 0.123046720615426,
    "smape": 0.10683572884230302,
    "wape": 0.1264144596335883,
    "directional_acc": 0.48438320825515946
  },
  "xgboost_log_test": {
    "mae": 7.372349542569596,
    "rmse": 43.488321187882676,
    "mape": 0.16850076277579343,
    "smape": 0.09993928135800982,
    "wape": 0.1386473548242824,
    "directional_acc": 0.4797802717302986
  },
  "mlp_log_val": {
    "mae": 5.542517946561049,
    "rmse": 78.56570310739359,
    "mape": 0.17591784642037955,
    "smape": 0.14996041033626678,
    "wape": 0.11331891952324862,
    "directional_acc": 0.43511022514071296
  },
  "mlp_log_test": {
    "mae": 7.842504856792455,
    "rmse": 127.38747720730512,
    "mape": 0.33026815522512737,
    "smape": 0.13781969270450464,
    "wape": 0.14748928375035694,
    "directional_acc": 0.41978342336841173
  }
}